{"name":"e6b4e32f-c97d-4280-896b-57976ea698e3","id":"/providers/Microsoft.Flow/flows/e6b4e32f-c97d-4280-896b-57976ea698e3","type":"Microsoft.Flow/flows","properties":{"apiId":"/providers/Microsoft.PowerApps/apis/shared_logicflows","displayName":"Email me with a list of upcoming Calendar events","definition":{"metadata":{"workflowEntityId":null,"processAdvisorMetadata":null,"flowclientsuspensionreason":"None","flowclientsuspensiontime":null,"creator":{"id":"317fe484-b89b-4482-bf4a-f409df55ea1a","type":"User","tenantId":"0348aef8-0280-469b-9031-02c2e3f22ba7"},"provisioningMethod":"FromDefinition","failureAlertSubscription":true,"clientLastModifiedTime":"2021-10-12T10:57:46.9363067Z"},"$schema":"https://schema.management.azure.com/providers/Microsoft.Logic/schemas/2016-06-01/workflowdefinition.json#","contentVersion":"1.0.0.0","parameters":{"$connections":{"defaultValue":{},"type":"Object"},"$authentication":{"defaultValue":{},"type":"SecureObject"}},"triggers":{"Recurrence":{"recurrence":{"frequency":"Week","interval":1},"type":"Recurrence"}},"actions":{"Get_calendar_view_of_events_(V2)":{"runAfter":{"Initialize_CalendarEvents_variable":["Succeeded"]},"metadata":{"flowSystemMetadata":{"swaggerOperationId":"GetEventsCalendarViewV2"}},"type":"ApiConnection","inputs":{"host":{"api":{"runtimeUrl":"https://flow-apim-europe-001-northeurope-01.azure-apim.net/apim/office365"},"connection":{"name":"@parameters('$connections')['shared_office365']['connectionId']"}},"method":"get","path":"/datasets/calendars/v2/tables/items/calendarview","queries":{"calendarId":"AAMkAGUxMmMwNDYxLTE2MWUtNDg4NS1hZTViLTQ0OGRiYTYxNjMxYQBGAAAAAAA9OrE7guxLRZawE4FUVzEDBwA85BmDcoplRqBtm4DAEgO5AAAAAAEGAAA85BmDcoplRqBtm4DAEgO5AAAAf_AzAAA=","startDateTimeOffset":"@{utcNow()}","endDateTimeOffset":"@{addDays(utcNow(),6)}"},"authentication":"@parameters('$authentication')"}},"Initialize_BodyToSend_variable":{"runAfter":{"Initialize_Empty_variable":["Succeeded"]},"type":"InitializeVariable","inputs":{"variables":[{"name":"BodyToSend","type":"Array"}]}},"Initialize_CalendarEvents_variable":{"runAfter":{"Initialize_BodyToSend_variable":["Succeeded"]},"type":"InitializeVariable","inputs":{"variables":[{"name":"CalendarEvents","type":"Object","value":{"Subject":"","StartTime":"","EndTime":"","Location":"","Hotel":"","Flight":"","CurrentWeather":""}}]}},"Apply_to_each":{"foreach":"@body('Get_calendar_view_of_events_(V2)')?['value']","actions":{"Check_if_location_is_empty":{"actions":{"Get_current_weather":{"runAfter":{},"metadata":{"flowSystemMetadata":{"swaggerOperationId":"CurrentWeather"}},"type":"ApiConnection","inputs":{"host":{"api":{"runtimeUrl":"https://flow-apim-europe-001-francecentral-01.azure-apim.net/apim/msnweather"},"connection":{"name":"@parameters('$connections')['shared_msnweather']['connectionId']"}},"method":"get","path":"/current/@{encodeURIComponent(items('Apply_to_each')?['Location'])}","queries":{"units":"Imperial"},"authentication":"@parameters('$authentication')"}},"Set_CalendarEvents_variable":{"runAfter":{"Get_current_weather":["Failed"]},"type":"SetVariable","inputs":{"name":"CalendarEvents","value":{"Subject":"@{items('Apply_to_each')?['Subject']}","StartTime":"@{formatDateTime(items('Apply_to_each')['Start'],'yyyy-MM-ddThh:mm:ss')}","EndTime":"@{formatDateTime(items('Apply_to_each')['End'],'yyyy-MM-ddThh:mm:ss')}","Location":"@{items('Apply_to_each')?['Location']}","CurrentWeather":"","Hotel":"@{variables('Hotel')}","Flight":"@{variables('Flight')}"}}},"Compose_Weather":{"runAfter":{"Get_current_weather":["Succeeded"]},"type":"Compose","inputs":"Conditions: @{body('Get_current_weather')?['responses']?['weather']?['current']?['cap']}<br>\nHumidity: @{body('Get_current_weather')?['responses']?['weather']?['current']?['rh']}<br>\nTemperature: @{body('Get_current_weather')?['responses']?['weather']?['current']?['temp']} @{body('Get_current_weather')?['units']?['temperature']}<br>\nWind Speed: @{body('Get_current_weather')?['responses']?['weather']?['current']?['windSpd']} @{body('Get_current_weather')?['units']?['speed']}<br>"},"Set_CalendarEvents":{"runAfter":{"Compose_Weather":["Succeeded"]},"type":"SetVariable","inputs":{"name":"CalendarEvents","value":{"Subject":"@{items('Apply_to_each')?['Subject']}","StartTime":"@{formatDateTime(items('Apply_to_each')['Start'],'yyyy-MM-ddThh:mm:ss')}","EndTime":"@{formatDateTime(items('Apply_to_each')['End'],'yyyy-MM-ddThh:mm:ss')}","Location":"@{items('Apply_to_each')?['Location']}","CurrentWeather":"@{outputs('Compose_Weather')}","Hotel":"@{variables('Hotel')}","Flight":"@{variables('Flight')}"}}},"Append_to_array_variable":{"runAfter":{"Set_CalendarEvents_variable":["Succeeded"]},"type":"AppendToArrayVariable","inputs":{"name":"BodyToSend","value":"@variables('CalendarEvents')"}},"Append_to_CalendarEvents_array_variable":{"runAfter":{"Set_CalendarEvents":["Succeeded"]},"type":"AppendToArrayVariable","inputs":{"name":"BodyToSend","value":"@variables('CalendarEvents')"}}},"runAfter":{"Check_if_its_Flight":["Succeeded"]},"else":{"actions":{"Set_CalendarEvents_Values":{"runAfter":{},"type":"SetVariable","inputs":{"name":"CalendarEvents","value":{"Subject":"@{items('Apply_to_each')?['Subject']}","StartTime":"@{formatDateTime(items('Apply_to_each')['Start'],'yyyy-MM-ddThh:mm:ss')}","EndTime":"@{formatDateTime(items('Apply_to_each')['End'],'yyyy-MM-ddThh:mm:ss')}","Location":"","CurrentWeather":"","Hotel":"@{variables('Hotel')}","Flight":"@{variables('Flight')}"}}},"Append_to_CalendarEvents_array":{"runAfter":{"Set_CalendarEvents_Values":["Succeeded"]},"type":"AppendToArrayVariable","inputs":{"name":"BodyToSend","value":"@variables('CalendarEvents')"}}}},"expression":"@not(empty(items('Apply_to_each')?['Location']))","type":"If"},"Check_if_its_Flight":{"actions":{"Set_Flight_variable":{"runAfter":{},"type":"SetVariable","inputs":{"name":"Flight","value":"@{outputs('Compose_Flight_or_Hotel')}"}}},"runAfter":{"Compose_Flight_or_Hotel":["Succeeded"]},"else":{"actions":{"Check_if_its_Hotel":{"actions":{"Set_Hotel_variable":{"runAfter":{},"type":"SetVariable","inputs":{"name":"Hotel","value":"@{outputs('Compose_Flight_or_Hotel')}"}}},"runAfter":{},"expression":"@contains(toLower(outputs('Compose_Flight_or_Hotel')), 'hotel')","type":"If"}}},"expression":"@contains(toLower(outputs('Compose_Flight_or_Hotel')), 'flight')","type":"If"},"Compose_Flight_or_Hotel":{"runAfter":{},"type":"Compose","inputs":"@substring(items('Apply_to_each')?['Subject'],add(indexOf(items('Apply_to_each')?['Subject'],'-'),1),sub(sub(length(items('Apply_to_each')?['Subject']),indexOf(items('Apply_to_each')?['Subject'],'-')),1))","description":"Expecting the subject in format \"Name - Flight or Hotel details\""},"Empty_Flight_variable":{"runAfter":{"Empty_Hotel_variable":["Succeeded"]},"type":"SetVariable","inputs":{"name":"Flight","value":"@variables('Empty')"}},"Empty_Hotel_variable":{"runAfter":{"Check_if_location_is_empty":["Succeeded"]},"type":"SetVariable","inputs":{"name":"Hotel","value":"@variables('Empty')"}}},"runAfter":{"Get_calendar_view_of_events_(V2)":["Succeeded"]},"type":"Foreach"},"Initialize_Flight_variable":{"runAfter":{},"type":"InitializeVariable","inputs":{"variables":[{"name":"Flight","type":"String"}]}},"Initialize_Hotel_variable":{"runAfter":{"Initialize_Flight_variable":["Succeeded"]},"type":"InitializeVariable","inputs":{"variables":[{"name":"Hotel","type":"String"}]}},"Initialize_Empty_variable":{"runAfter":{"Initialize_Hotel_variable":["Succeeded"]},"type":"InitializeVariable","inputs":{"variables":[{"name":"Empty","type":"String"}]}},"Check_if_any_event_found":{"actions":{"Create_HTML_table":{"runAfter":{},"type":"Table","inputs":{"from":"@variables('BodyToSend')","format":"HTML"}},"Compose_BodyToSend":{"runAfter":{"Create_HTML_table":["Succeeded"]},"type":"Compose","inputs":"@replace(replace(body('Create_HTML_table'),'&lt;','<'),'&gt;','>')","description":"Replace &lt; &gt; with < and >"},"Get_my_profile_(V2)":{"runAfter":{"Compose_BodyToSend":["Succeeded"]},"metadata":{"flowSystemMetadata":{"swaggerOperationId":"MyProfile_V2"}},"type":"ApiConnection","inputs":{"host":{"api":{"runtimeUrl":"https://flow-apim-europe-001-northeurope-01.azure-apim.net/apim/office365users"},"connection":{"name":"@parameters('$connections')['shared_office365users']['connectionId']"}},"method":"get","path":"/codeless/v1.0/me","queries":{"$select":"Mail"},"authentication":"@parameters('$authentication')"}},"Send_an_email":{"runAfter":{"Get_my_profile_(V2)":["Succeeded"]},"metadata":{"flowSystemMetadata":{"swaggerOperationId":"SendEmail"}},"type":"ApiConnection","inputs":{"host":{"api":{"runtimeUrl":"https://flow-apim-europe-001-northeurope-01.azure-apim.net/apim/office365"},"connection":{"name":"@parameters('$connections')['shared_office365']['connectionId']"}},"method":"post","body":{"To":"@{body('Get_my_profile_(V2)')?['mail']};","Subject":"Office 365 Upcoming Calendar Events","Body":"<html>\n<head>\n  <style> \ntable, th {\n    border:1px solid black;     \ntext-align:left;\n    width:14%;\n\n}\ntd {\n    border:1px solid black;\n    text-align:left;\n    width:14%;\n}\n  </style>\n</head>\n<body>\n\n<html>\n<head>\n  <style> \ntable {\n    font-family: \"Times New Roman\", Times, serif;\n    border-collapse: collapse;\n    width: 100%;\n}\ntd, th {\n    border: 1px solid #ddd;\n    padding: 4px;\n}\nth {\n    padding-top: 8px;\n    padding-bottom: 8px;\n    text-align: left;\n    background-color: #3399ff;\n    color: white;\n}\n  </style>\n</head>\n<body>\n@{outputs('Compose_BodyToSend')}\n</body>\n</html>","IsHtml":true},"path":"/Mail","authentication":"@parameters('$authentication')"}}},"runAfter":{"Apply_to_each":["Succeeded","Failed"]},"expression":"@greater(length(variables('BodyToSend')), 0)","type":"If"}},"outputs":{},"description":"Analyze my calendar for the next week for locations, flights, hotels, and weather and send me an email summary of my upcoming week."},"connectionReferences":{"shared_office365":{"connectionName":"b612ac9b883942f8bb974a9581ed70c1","source":"Embedded","id":"/providers/Microsoft.PowerApps/apis/shared_office365","tier":"NotSpecified"},"shared_msnweather":{"connectionName":"shared-msnweather-0c1b1bed-03de-4ebb-9024-031e-c71a2cc1","source":"Embedded","id":"/providers/Microsoft.PowerApps/apis/shared_msnweather","tier":"NotSpecified"},"shared_office365users":{"connectionName":"ecfeaa89c54a4d57b9e966f39c0b1bb8","source":"Embedded","id":"/providers/Microsoft.PowerApps/apis/shared_office365users","tier":"NotSpecified"}},"flowFailureAlertSubscribed":false}}