{"name":"417f9ad1-a4b5-4b2a-8835-1cb934734043","id":"/providers/Microsoft.Flow/flows/417f9ad1-a4b5-4b2a-8835-1cb934734043","type":"Microsoft.Flow/flows","properties":{"apiId":"/providers/Microsoft.PowerApps/apis/shared_logicflows","displayName":"SimpleConditions","definition":{"metadata":{"workflowEntityId":null,"processAdvisorMetadata":null,"flowclientsuspensionreason":"None","flowclientsuspensiontime":null,"creator":{"id":"317fe484-b89b-4482-bf4a-f409df55ea1a","type":"User","tenantId":"0348aef8-0280-469b-9031-02c2e3f22ba7"},"provisioningMethod":"FromDefinition","failureAlertSubscription":true,"clientLastModifiedTime":"2021-10-19T14:22:30.9509869Z"},"$schema":"https://schema.management.azure.com/providers/Microsoft.Logic/schemas/2016-06-01/workflowdefinition.json#","contentVersion":"1.0.0.0","parameters":{"$authentication":{"defaultValue":{},"type":"SecureObject"}},"triggers":{"manual":{"type":"Request","kind":"Button","inputs":{"schema":{"type":"object","properties":{},"required":[]}}}},"actions":{"Condition":{"actions":{"Compose":{"runAfter":{},"type":"Compose","inputs":"IfTrue"},"Condition_2":{"actions":{"Condition_3":{"actions":{"Compose_6":{"runAfter":{},"type":"Compose","inputs":"yes"}},"runAfter":{},"else":{"actions":{"Compose_7":{"runAfter":{},"type":"Compose","inputs":"no"}}},"expression":{"equals":[4,5]},"type":"If"}},"runAfter":{"Compose":["Succeeded"]},"else":{"actions":{"Compose_8":{"runAfter":{},"type":"Compose","inputs":"no again"}}},"expression":{"equals":[2,3]},"type":"If"}},"runAfter":{"Switch":["Succeeded"]},"else":{"actions":{"Compose_2":{"runAfter":{},"type":"Compose","inputs":"IfFalse"}}},"expression":{"equals":[1,2]},"type":"If"},"Scope":{"actions":{"Condition_4":{"actions":{},"runAfter":{},"else":{"actions":{"Compose_3":{"runAfter":{},"type":"Compose","inputs":"nope"}}},"expression":{"equals":[5,6]},"type":"If"}},"runAfter":{"Condition":["Succeeded"]},"type":"Scope"},"Switch":{"runAfter":{},"cases":{"Case":{"case":1,"actions":{"Compose_4":{"runAfter":{},"type":"Compose","inputs":2}}},"Case_2":{"case":2,"actions":{"Compose_5":{"runAfter":{},"type":"Compose","inputs":2}}}},"default":{"actions":{"Compose_9":{"runAfter":{},"type":"Compose","inputs":3}}},"expression":"@utcNow()","type":"Switch"},"Apply_to_each":{"foreach":"@variables('testarray')","actions":{"Compose_10":{"runAfter":{},"type":"Compose","inputs":2}},"runAfter":{"Initialize_variable":["Succeeded"]},"type":"Foreach"},"Initialize_variable":{"runAfter":{"Scope":["Succeeded"]},"type":"InitializeVariable","inputs":{"variables":[{"name":"testarray","type":"array","value":[1,2,3,4]}]}}}},"connectionReferences":{},"flowFailureAlertSubscribed":false}}